First Name,Start Date,Birthday
Sylvan Furness,4/15/2024,7/20/1980
John Benford,1/1/2020,1/1/1971
Kristine Miller,1/2/2020,1/2/1983
Angella Hashman,5/20/2004,2/3/2000
Kathy Illingworth,6/30/2010,3/12/1995
Danny Lenger,4/5/2022,4/17/1989
Becky Eggermont,3/20/2018,5/3/1984
Shannon Bergman,6/4/2019,6/23/1994
Lynn Ulrey,1/30/2021,7/7/1977
Sharon Mabie,6/20/2003,8/19/2005
Chris Lanagan,7/30/2012,9/17/1988
Pam McCormick,8/30/2013,10/11/2009
Alisa Hake,9/2/2014,11/21/1964
Kim Larkin,10/8/2015,12/20/2000
